FX18VMI01CLBB3	CACACATACGCGAAGAACCTTACCAGGGTTTGAAAAAGGTACGCTTTTGAAAGAAAGAATATTAATCCCTTTTTACCTAGGTAATGCATGGCCGTC	Bacteria	1.0	domain	1
FX18VMI01APKWV	TCATGCAACGCGAAAACCTTACCAGCGTTTGACATGTCCGGACGATTCCCAGAGATGGGTCTCTTCCCTTCGGGGACTGGAACACAGGTGATGCATGGCTGTC	Bacteria;Proteobacteria	0.89	phylum	1
FX18VMI01BCYNR	CACACCAACGCGCAGAACCTTACCAGGGTTTGAAAAAGGTACGCTTTTTGAAAAGAAAGATACTAATCCCTTTTTACAGGTGCTGCATGGTCGTC	Bacteria	0.98	domain	1
FX18VMI01ANT0M	ACTCGCAACGCGCAGAACCTTACCAAGGCTTGACATGTCACGAATTCCGTTGAAAGATGGAAGTGCCTTAGGGAGCGTGAACACAGGTGCTGCATGGCCTG	Bacteria	1.0	domain	1
FX18VMI01B8S4PC	ACATCCAACGCGAAAAACCTTACCCGGACTAGAATGTGAGGGAATATATCAGAGATGGTATAGTCAGCAATGACCCGAAACAAGGTGATGCATGGTTGTC	Bacteria	0.98	domain	3
FX18VMI01B2A1M	AGAGCCTAACCGATGAACCTTACCAGGGTTTGAAAAAGGTACGCTTTTTGAAAGGAAAGATATTAATCCCTTTTTACAGGTGATGCATGGCCGTC	Bacteria	0.96	domain	1
FX18VMI01C550A	ATACGCAACGCGCAGAACCTTACCAGGGTTTGAAAAAGGTACGCTTTTCGAAAAGAAAGATACTAATCCCTTTTACAGGTGGTTGCATGGTCGTC	Bacteria	1.0	domain	2
FX18VMI01BVGFD	TGCTGCAACGCGCAGAACCTTACCAAGGCTTGACATGTCACGAATTCCGTTGAAAGATGGAAGTGCCTTAGGGAGCGTGAACACAGGTGATGCATGGCCTGC	Bacteria	1.0	domain	1
FX18VMI01BWIFL	TCATGCTACGCGAAGAACCTTACCAGGCCTTGACATGGATAGTTTGATCGTCAGAGATGACTTTCTTCACCTCGGGTGGCTATCACACAGGTGATGCATGGCTGTC	Bacteria	1.0	domain	1
FX18VMI01C5C71	ATGTCCAACGCGAAAAACCTTACCCACGCTTGACATGTCTCGTTTGGTTTCCAGAGATGGATTCCTTCAGTTCGGCTGGCGAGAACACAGGTGATGCATGGCTGTC	Bacteria;Proteobacteria;Alphaproteobacteria;Rhizobiales;Beijerinckiaceae	0.81	family	1
FX18VMI01ARB8M	ACATCCTACGCGAAGAACCTTATCAGGCCTTGACATGCCCTCCTATGGGCCCCAGAGACGGGGTCCTTCACTTCGGGTGGGAGGGACACAGGTGATGCATGGTTGTC	Bacteria	1.0	domain	1
FX18VMI01ECHAZ	ATGTCCAACGCGCAGAACCTTACCTACCCTTGACATGCCACTAACGAAGCAGAGATGCATTAGGTGCTCGAAAGAGAAAGTGGACACAGGTGATGCATGGTCGTC	Bacteria;Proteobacteria;Betaproteobacteria;Burkholderiales;Burkholderiaceae	0.8	family	1
FX18VMI01COJBD	ATGTCCAANCGCAAGAACCTTACCAGCGTTTGACATGTCCGGACGATTCCCAGAGATGGGTCTCTTCCCTTCGGGGACTGGAACACAGGTGNTGCATGGTCGTC	Bacteria;Proteobacteria;Alphaproteobacteria;Sphingomonadales;Sphingomonadaceae	0.82	family	1
FX18VMI01BZOW8	AGAGCCAACGCGCAGAACCTTAACCAAGGCTTGACATGTCACGAATTCCGTTGAAAGATGGAAGTGCCTTAGGGAGCGTGAACACAGGTGGTGCATGGCTGTC	Bacteria	1.0	domain	1
FX18VMI01CADRH	ACTCGCTAACCGATGAACCTCACCAAGGCTTGACATGTCACGAATTCCGTTGAAAGATGGAAGTGCCTTAGGGAGCGTGAACACAGGTGATGCATGGCCAT	Bacteria	0.99	domain	1
FX18VMI01AMFAUA	ATGTCCTACGCGAAGAACCTTACCATGGCTTGACACGTCACGAATTCCGTTGAAAGATGGAAGTGCCTTAGGGAGCGTGAACACAGGTGATGCATGGCNT	Bacteria	0.99	domain	3
FX18VMI01DGVRJ	TGCTGCTACGCGAAGAACCTTACCAGGGTTTGAAAAAGGTACGCTTTTTGAAAAGAAAGATATTAATCCCTTTTACAGGTGATGCATGGTCGTC	Bacteria	0.99	domain	1
FX18VMI01BIAL7	TCATGCTAACCGAAGAACCTTACCAGCGTTTGACATGTCCGGACGATTCCCAGAGATGGGTCTCTTCCCTTCGGGGACTGGAACACAGGTGCTGCATGGTCGTC	Bacteria;Proteobacteria;Alphaproteobacteria	0.82	class	1
FX18VMI01AHSTJ	AGAGCCAACGCGAAAAACCTTACCAAGGCTTGACATGTCACGAATTCCGTTGAAAGATGGAAGTGCCTTAGGGAGCGTGAACACAGGTGATGCATGGCNT	Bacteria	1.0	domain	1
FX18VMI01EPTIR	ATGTCAATACGCGAAGAACCTTATCAAGGCTTGACATGTCACGAATTCCGTTGAAAGATGGAAGTGCCTTAGGGAGCGTGAACACAGGTGATGCATGGCTGTC	Bacteria	0.98	domain	1
FX18VMI01EAAOS	ATGTCCAACGCGCAGAACCTTACCAGCGTTTGACATGTCCGGACGATTCCCAGAGATGGGTCTCTTCCCTTCGGGGACTGGAACACAGGTGGTGCATGGCTGTC	Bacteria;Proteobacteria;Alphaproteobacteria;Sphingomonadales;Sphingomonadaceae	0.82	family	1
FX18VMI01DIBUH	ACTCGCAACGCGAAAAACCTTACCAAGGCTTGACATGTCACGAATTCCGTTGAAAGATGGAAGTGCCTTAGGGAGCGTGAACACAGGTGATGCATGGCNT	Bacteria	1.0	domain	1
FX18VMI01BZB8B	ACATCCTACGCGAAGAACCTTAACAGCGTTTGACATGGCTAGTANGTTTTCCAGAGATGGATTACTTCATTCGGCTGGCTAGCACACAGGTGATGCANGGTTNT	Bacteria	0.99	domain	1
FX18VMI01A0USI	ACATCCAACGCGAAAAACCTTACCAGCGTTTGACATGTCCGGACGATTCCCAGAGATGGGTCTCTTCCCTTCGGGGACTGGAACACAGGTGATGCATGGCCGTC	Bacteria;Proteobacteria	0.88	phylum	1
FX18VMI01BPWXD	ACTCGATACGCGAAGAACCTTACCAAGGCTTGACATGTCACGAATTCCGTTGAAAGATGGAAGTGCCTTAGGGAGCGTGAACACAGGTGATGCANGGTTNT	Bacteria	1.0	domain	1
